-- phpMyAdmin SQL Dump
-- version 5.0.2
-- https://www.phpmyadmin.net/
--
-- Host: 127.0.0.1:3306
-- Generation Time: Nov 07, 2021 at 11:37 AM
-- Server version: 8.0.21
-- PHP Version: 7.3.21

SET SQL_MODE = "NO_AUTO_VALUE_ON_ZERO";
START TRANSACTION;
SET time_zone = "+00:00";


/*!40101 SET @OLD_CHARACTER_SET_CLIENT=@@CHARACTER_SET_CLIENT */;
/*!40101 SET @OLD_CHARACTER_SET_RESULTS=@@CHARACTER_SET_RESULTS */;
/*!40101 SET @OLD_COLLATION_CONNECTION=@@COLLATION_CONNECTION */;
/*!40101 SET NAMES utf8mb4 */;

--
-- Database: `db_freshsm`
--

-- --------------------------------------------------------

--
-- Table structure for table `bill`
--

DROP TABLE IF EXISTS `bill`;
CREATE TABLE IF NOT EXISTS `bill` (
  `id` int NOT NULL,
  `cashierid` int NOT NULL,
  `date` datetime NOT NULL,
  `type` varchar(10) NOT NULL,
  `amount` decimal(10,2) NOT NULL,
  PRIMARY KEY (`id`),
  KEY `Forign_bill_cashier` (`cashierid`)
) ENGINE=InnoDB DEFAULT CHARSET=utf8;

--
-- Dumping data for table `bill`
--

INSERT INTO `bill` (`id`, `cashierid`, `date`, `type`, `amount`) VALUES
(1, 11001, '2021-09-30 23:17:24', 'cash', '565.50'),
(2, 11001, '2021-09-30 23:18:02', 'cash', '413.00'),
(3, 11001, '2021-09-30 23:20:35', 'cash', '62.75'),
(4, 11001, '2021-09-30 23:37:09', 'cash', '491.50'),
(5, 11001, '2021-10-01 00:55:29', 'cash', '700.50'),
(6, 11001, '2021-10-01 01:18:55', 'cash', '186.50'),
(7, 11001, '2021-10-01 11:25:15', 'cash', '606.00'),
(8, 11001, '2021-10-01 11:26:56', 'cash', '310.00'),
(9, 11001, '2021-10-01 11:28:10', 'cash', '1395.00'),
(10, 11001, '2021-10-01 18:11:57', 'cash', '530.50'),
(11, 11001, '2021-10-01 18:49:41', 'cash', '620.50'),
(12, 11001, '2021-10-01 23:53:32', 'cash', '298.50'),
(13, 11001, '2021-10-02 12:25:31', 'cash', '582.50'),
(14, 11001, '2021-10-02 12:29:03', 'cash', '222.00'),
(15, 11001, '2021-10-02 23:22:14', 'cash', '535.85'),
(16, 11001, '2021-10-02 23:24:06', 'cash', '323.50'),
(17, 11001, '2021-10-03 00:33:26', 'cash', '188.50'),
(18, 11001, '2021-10-03 01:17:01', 'cash', '175.75'),
(19, 11001, '2021-10-03 01:26:53', 'cash', '826.00'),
(20, 11001, '2021-10-17 00:31:52', 'cash', '584.00'),
(21, 11001, '2021-10-17 12:08:47', 'cash', '976.25'),
(22, 11001, '2021-10-17 12:14:05', 'cash', '481.25'),
(23, 11001, '2021-10-17 12:17:02', 'cash', '885.75'),
(24, 11001, '2021-10-17 12:33:10', 'cash', '386.25'),
(25, 11001, '2021-10-17 12:47:44', 'cash', '200.50'),
(26, 11001, '2021-10-17 12:52:10', 'cash', '149.00'),
(27, 11001, '2021-10-17 12:53:49', 'cash', '580.00'),
(28, 11001, '2021-10-17 12:57:33', 'cash', '717.50'),
(29, 11001, '2021-10-17 13:05:04', 'cash', '336.00'),
(30, 11001, '2021-10-17 13:09:42', 'cash', '174.00'),
(31, 11001, '2021-10-17 13:12:17', 'cash', '599.50'),
(32, 11001, '2021-10-17 13:13:56', 'cash', '1046.00'),
(33, 11001, '2021-10-17 13:15:24', 'cash', '645.50'),
(34, 11001, '2021-10-17 13:16:35', 'cash', '440.00'),
(35, 11001, '2021-10-17 13:18:14', 'cash', '450.00'),
(36, 11001, '2021-10-17 13:19:15', 'cash', '340.50'),
(37, 11001, '2021-10-17 13:20:22', 'cash', '509.00'),
(38, 11001, '2021-10-17 13:21:35', 'cash', '413.50'),
(39, 11001, '2021-10-17 13:22:55', 'cash', '285.50'),
(40, 11001, '2021-10-17 13:26:03', 'cash', '541.00'),
(41, 11001, '2021-10-17 13:27:56', 'cash', '555.50'),
(42, 11001, '2021-10-17 13:36:46', 'cash', '483.50'),
(43, 11001, '2021-10-17 13:41:00', 'cash', '325.00'),
(44, 11001, '2021-10-17 13:48:17', 'cash', '343.50'),
(45, 11001, '2021-10-17 13:53:21', 'cash', '1117.00'),
(46, 11001, '2021-10-17 13:57:37', 'cash', '243.50'),
(47, 11001, '2021-10-17 14:00:42', 'cash', '198.50'),
(48, 11001, '2021-10-17 14:01:45', 'cash', '523.50'),
(49, 11001, '2021-10-17 14:04:33', 'cash', '229.00'),
(50, 11001, '2021-10-17 14:06:36', 'cash', '525.50'),
(51, 11001, '2021-10-17 14:07:46', 'cash', '239.00'),
(52, 11001, '2021-10-17 14:12:23', 'cash', '212.00'),
(53, 11001, '2021-10-17 14:19:37', 'cash', '324.00'),
(54, 11001, '2021-10-17 14:29:42', 'cash', '300.00'),
(55, 11001, '2021-10-17 14:31:47', 'cash', '310.00'),
(56, 11001, '2021-10-17 14:35:55', 'cash', '808.50'),
(57, 11001, '2021-10-17 14:38:15', 'cash', '810.00'),
(58, 11001, '2021-10-17 15:33:45', 'cash', '665.50'),
(59, 11001, '2021-10-17 21:21:47', 'cash', '679.00'),
(60, 11001, '2021-10-17 21:25:25', 'cash', '406.00'),
(61, 11001, '2021-10-17 21:36:13', 'cash', '287.00'),
(62, 11001, '2021-10-17 21:38:19', 'cash', '245.00'),
(63, 11001, '2021-10-17 21:39:56', 'cash', '660.00'),
(64, 11001, '2021-10-17 22:09:22', 'cash', '240.00'),
(65, 11001, '2021-10-17 22:15:41', 'cash', '572.50'),
(66, 11001, '2021-10-20 16:37:01', 'cash', '443.50'),
(67, 11001, '2021-10-21 21:42:30', 'cash', '704.00'),
(68, 11001, '2021-10-21 21:44:42', 'cash', '180.50'),
(69, 11001, '2021-10-21 22:24:14', 'cash', '483.50'),
(70, 11001, '2021-11-05 23:04:37', 'cash', '32.00'),
(71, 11001, '2021-11-06 22:43:18', 'cash', '401.00');

-- --------------------------------------------------------

--
-- Table structure for table `cashier`
--

DROP TABLE IF EXISTS `cashier`;
CREATE TABLE IF NOT EXISTS `cashier` (
  `id` int NOT NULL,
  `name` varchar(30) NOT NULL,
  `dob` date NOT NULL,
  `gender` varchar(10) NOT NULL,
  `address` varchar(50) NOT NULL,
  `phone` varchar(20) NOT NULL,
  `email` varchar(40) NOT NULL,
  `password` varchar(255) NOT NULL,
  `date created` date NOT NULL,
  PRIMARY KEY (`id`)
) ENGINE=InnoDB DEFAULT CHARSET=utf8;

--
-- Dumping data for table `cashier`
--

INSERT INTO `cashier` (`id`, `name`, `dob`, `gender`, `address`, `phone`, `email`, `password`, `date created`) VALUES
(11001, 'Sayul samaranayake', '1998-04-03', 'male', 'Kurunegala', '0712378347', 'sayul@gmail.com', '1', '2021-09-25'),
(11002, 'Chethana Liyanage', '1998-11-14', 'female', 'Hiripitiya road, Ganewatta', '0715623589', 'chethana56@gmail.com', 'cashier', '2021-09-25'),
(11003, 'Jeewan Kumara', '1995-04-03', 'male', 'Colombo road, Kurunegala', '0775862356', 'jeewan93@gmail.com', 'cashier', '2021-09-25'),
(11004, 'Mayuri silva', '1998-06-25', 'female', 'Pannlaroad, Kuliyapitiya', '0785692552', 'mayuri567@gmail.com', 'cashier', '2021-09-25'),
(11005, 'Vishvani Silva', '1991-02-13', 'female', 'Kurunegala road, Maddegama', '0715698255', 'vish5434@gmail.com', 'cashier', '2021-09-25'),
(11006, 'Thenula Liyanage', '1994-07-09', 'male', 'Kandy road, Kurunegala', '0712586936', 'thenula456@gmail.com', 'cashier', '2021-09-25');

-- --------------------------------------------------------

--
-- Table structure for table `credit`
--

DROP TABLE IF EXISTS `credit`;
CREATE TABLE IF NOT EXISTS `credit` (
  `id` int NOT NULL,
  `customerid` int NOT NULL,
  `billid` int NOT NULL,
  `c_or_s` varchar(10) DEFAULT NULL,
  PRIMARY KEY (`id`),
  KEY `Forign_credit_bill` (`billid`),
  KEY `Forign_credit_customer` (`customerid`)
) ENGINE=InnoDB DEFAULT CHARSET=utf8;

-- --------------------------------------------------------

--
-- Table structure for table `customer`
--

DROP TABLE IF EXISTS `customer`;
CREATE TABLE IF NOT EXISTS `customer` (
  `id` int NOT NULL,
  `name` varchar(30) NOT NULL,
  `address` varchar(50) NOT NULL,
  `phone` varchar(20) NOT NULL,
  `email` varchar(40) NOT NULL,
  `dateadded` date NOT NULL,
  PRIMARY KEY (`id`)
) ENGINE=InnoDB DEFAULT CHARSET=utf8;

-- --------------------------------------------------------

--
-- Table structure for table `discount`
--

DROP TABLE IF EXISTS `discount`;
CREATE TABLE IF NOT EXISTS `discount` (
  `id` int NOT NULL,
  `name` varchar(30) NOT NULL,
  `productbarcode` varchar(30) DEFAULT NULL,
  `percentage` decimal(5,2) NOT NULL,
  `description` varchar(15) CHARACTER SET utf8 COLLATE utf8_general_ci DEFAULT NULL,
  PRIMARY KEY (`id`),
  KEY `Forign_discount_barcode` (`productbarcode`)
) ENGINE=InnoDB DEFAULT CHARSET=utf8;

--
-- Dumping data for table `discount`
--

INSERT INTO `discount` (`id`, `name`, `productbarcode`, `percentage`, `description`) VALUES
(1, 'School Items for 10', '36008', '12.00', ''),
(2, 'Ending stocks', '35990', '15.00', NULL),
(3, 'Lemon Puff', '35987', '25.00', NULL),
(4, 'Anything', '35991', '10.00', NULL),
(5, 'tipitip', '36016', '23.00', NULL),
(6, 'School Season', '35993', '12.00', NULL);

-- --------------------------------------------------------

--
-- Table structure for table `productcategory`
--

DROP TABLE IF EXISTS `productcategory`;
CREATE TABLE IF NOT EXISTS `productcategory` (
  `id` int NOT NULL,
  `name` varchar(30) NOT NULL,
  `datecreated` date NOT NULL,
  PRIMARY KEY (`id`)
) ENGINE=InnoDB DEFAULT CHARSET=utf8;

--
-- Dumping data for table `productcategory`
--

INSERT INTO `productcategory` (`id`, `name`, `datecreated`) VALUES
(10001, 'Commodity', '2021-09-25'),
(10002, 'Cosmetic', '2021-09-25'),
(10003, 'Stationary', '2021-09-25'),
(10004, 'Drinks', '2021-09-25'),
(10005, 'Snacks', '2021-09-25'),
(10006, 'Diary Products', '2021-09-25'),
(10007, 'Bread And Cake', '2021-09-25'),
(10008, 'Medicine', '2021-09-25');

-- --------------------------------------------------------

--
-- Table structure for table `productitems`
--

DROP TABLE IF EXISTS `productitems`;
CREATE TABLE IF NOT EXISTS `productitems` (
  `barcode` varchar(30) NOT NULL,
  `name` varchar(100) NOT NULL,
  `categoryid` int NOT NULL,
  `price` decimal(10,2) NOT NULL,
  `supplierid` int NOT NULL,
  `stockamount` decimal(10,3) NOT NULL,
  `dateadded` date NOT NULL,
  `expireddate` date NOT NULL,
  `count` int NOT NULL,
  PRIMARY KEY (`barcode`),
  KEY `forign_product_supplier` (`supplierid`),
  KEY `Forign_producutitem_category` (`categoryid`)
) ENGINE=InnoDB DEFAULT CHARSET=utf8;

--
-- Dumping data for table `productitems`
--

INSERT INTO `productitems` (`barcode`, `name`, `categoryid`, `price`, `supplierid`, `stockamount`, `dateadded`, `expireddate`, `count`) VALUES
('35986', 'Munchee Chocolate Puff 100g', 10005, '55.00', 11006, '200.000', '2021-09-02', '2023-09-02', 43),
('35987', 'Maliban Lemon Puff 250g', 10005, '180.00', 10002, '100.000', '2021-09-02', '2023-09-02', 30),
('35988', 'Sunsilk Shampoo 7ml', 10002, '10.00', 11008, '1000.000', '2021-09-02', '2023-09-02', 77),
('35989', 'Sunsilk Shampoo 100ml', 10002, '135.00', 11007, '50.000', '2021-09-02', '2023-09-02', 113),
('35990', 'Potatoes (Indian)', 10001, '200.00', 11008, '100.000', '2021-09-02', '2023-09-02', 25),
('35991', 'Potatoes (Lanka)', 10001, '280.00', 11008, '500.000', '2021-09-02', '2023-09-02', 36),
('35992', 'Pencil (Richard) HB1', 10003, '25.00', 11004, '100.000', '2021-09-02', '0000-00-00', 105),
('35993', 'Book 40 page', 10003, '25.00', 11004, '100.000', '2021-09-02', '0000-00-00', 69),
('35994', 'Kothmale Milk 100ml', 10004, '85.00', 11008, '50.000', '2021-09-02', '2023-09-02', 118),
('35995', 'Smack 100ml', 10004, '80.00', 11008, '25.000', '2021-09-02', '2023-09-02', 173),
('35996', 'Highland Yought', 10006, '40.00', 11003, '200.000', '0000-00-00', '2023-09-02', 42),
('35997', 'Highland Full Cream 400g', 10006, '450.00', 11003, '100.000', '2021-09-02', '2023-09-02', 42),
('35998', 'Little Lion Icing Cake', 10007, '600.00', 11005, '10.000', '2021-09-02', '2023-09-02', 71),
('35999', 'Little Lion Butter Cake 400g', 10007, '350.00', 11005, '10.000', '2021-09-02', '2023-09-02', 36),
('36000', 'Asamodagam', 10008, '100.00', 11008, '50.000', '2021-09-02', '2023-09-02', 35),
('36001', 'Disprene', 10008, '3.50', 11007, '500.000', '2021-09-02', '2023-09-02', 34),
('36002', 'Jumbo Peanuts 50g', 10005, '55.00', 11007, '100.000', '2021-09-02', '2023-09-02', 21),
('36003', 'Prima Wheat Flour', 10001, '120.00', 11007, '300.000', '2021-09-02', '2023-09-02', 51),
('36004', 'Crisco Biscuits 100g', 10005, '100.00', 11006, '50.000', '2021-09-02', '2023-09-02', 75),
('36005', 'Black Knight Scent 100ml', 10002, '450.00', 11008, '25.000', '2021-09-02', '2024-09-02', 70),
('36006', 'Nivia Cream 35g', 10002, '285.00', 11007, '55.000', '2021-09-02', '2023-09-02', 28),
('36007', 'Drinking Water Bottel 1L', 10004, '55.00', 11005, '486.000', '2021-09-02', '2023-09-02', 164),
('36008', 'Ruler', 10003, '25.00', 11004, '50.000', '2021-08-02', '0000-00-00', 256),
('36009', 'Tipets', 10002, '12.00', 11004, '200.000', '2021-08-02', '2023-09-02', 126),
('36010', 'Fair and Lovely Small', 10002, '185.00', 10001, '100.000', '2023-09-02', '0000-00-00', 117),
('36011', 'Penadol', 10008, '1.50', 11007, '5000.000', '2021-08-02', '2023-09-02', 132),
('36012', 'Suger', 10001, '125.50', 11005, '300.000', '2021-08-02', '2023-09-02', 218),
('36013', 'Orange Crush', 10004, '55.00', 11007, '447.000', '2023-09-02', '0000-00-00', 211),
('36014', 'Pen (Atlas Chooty)', 10003, '10.00', 11004, '2000.000', '2023-09-02', '0000-00-00', 23),
('36015', 'Tissue Papers', 10001, '150.00', 11005, '155.000', '2023-09-02', '0000-00-00', 56),
('36016', 'Tipi tip', 10005, '50.00', 11008, '1000.000', '2021-09-02', '0000-00-00', 0),
('36017', 'Diva Ditergent 1KG', 10001, '380.00', 11007, '100.000', '2021-03-10', '0000-00-00', 0),
('36018', 'Tifin Buiscuit 100 g', 10005, '135.00', 11006, '100.000', '2021-10-18', '2022-08-19', 0);

-- --------------------------------------------------------

--
-- Table structure for table `purchase`
--

DROP TABLE IF EXISTS `purchase`;
CREATE TABLE IF NOT EXISTS `purchase` (
  `billid` int NOT NULL,
  `id` int NOT NULL,
  `barcode` varchar(30) NOT NULL,
  `quantity` decimal(8,3) NOT NULL,
  `eachprice` decimal(10,2) NOT NULL,
  `totalamount` decimal(10,2) NOT NULL,
  `discount` decimal(10,2) NOT NULL,
  PRIMARY KEY (`id`,`billid`) USING BTREE,
  KEY `forign_purchase_barcode` (`barcode`),
  KEY `Forign_purchase_bill` (`billid`)
) ENGINE=InnoDB DEFAULT CHARSET=utf8;

--
-- Dumping data for table `purchase`
--

INSERT INTO `purchase` (`billid`, `id`, `barcode`, `quantity`, `eachprice`, `totalamount`, `discount`) VALUES
(1, 1, '36016', '1.000', '50.00', '50.00', '0.00'),
(2, 1, '36012', '1.000', '125.50', '125.50', '0.00'),
(3, 1, '36012', '0.500', '125.50', '62.75', '0.00'),
(4, 1, '36011', '1.000', '1.50', '1.50', '0.00'),
(5, 1, '36007', '1.000', '55.00', '55.00', '0.00'),
(6, 1, '36011', '1.000', '1.50', '1.50', '0.00'),
(7, 1, '36014', '1.000', '10.00', '10.00', '0.00'),
(8, 1, '36015', '1.000', '150.00', '150.00', '0.00'),
(9, 1, '35997', '1.000', '450.00', '450.00', '0.00'),
(10, 1, '36016', '1.000', '50.00', '50.00', '0.00'),
(11, 1, '36016', '1.000', '50.00', '50.00', '0.00'),
(12, 1, '36011', '1.000', '1.50', '1.50', '0.00'),
(13, 1, '36015', '1.000', '150.00', '150.00', '0.00'),
(14, 1, '36011', '1.000', '1.50', '1.50', '0.00'),
(15, 1, '36016', '1.000', '50.00', '44.25', '11.50'),
(16, 1, '36011', '1.000', '1.50', '1.50', '0.00'),
(17, 1, '36014', '1.000', '10.00', '10.00', '0.00'),
(18, 1, '36011', '1.000', '1.50', '1.50', '0.00'),
(19, 1, '36012', '1.000', '125.50', '125.50', '0.00'),
(20, 1, '36016', '5.000', '50.00', '192.50', '57.50'),
(21, 1, '36010', '1.000', '185.00', '185.00', '0.00'),
(22, 1, '36015', '1.000', '150.00', '150.00', '0.00'),
(23, 1, '36017', '1.000', '380.00', '380.00', '0.00'),
(24, 1, '36012', '1.000', '125.50', '125.50', '0.00'),
(25, 1, '36016', '2.000', '50.00', '77.00', '23.00'),
(26, 1, '36014', '1.000', '10.00', '10.00', '0.00'),
(27, 1, '36016', '1.000', '50.00', '38.50', '11.50'),
(28, 1, '36016', '1.000', '50.00', '38.50', '11.50'),
(29, 1, '36015', '1.000', '150.00', '150.00', '0.00'),
(30, 1, '36016', '1.000', '50.00', '38.50', '11.50'),
(31, 1, '36016', '1.000', '50.00', '38.50', '11.50'),
(32, 1, '36016', '1.000', '50.00', '38.50', '11.50'),
(33, 1, '36010', '1.000', '185.00', '185.00', '0.00'),
(34, 1, '36015', '1.000', '150.00', '150.00', '0.00'),
(35, 1, '36016', '1.000', '50.00', '38.50', '11.50'),
(36, 1, '36015', '1.000', '150.00', '150.00', '0.00'),
(37, 1, '36016', '1.000', '50.00', '38.50', '11.50'),
(38, 1, '36014', '1.000', '10.00', '10.00', '0.00'),
(39, 1, '36012', '1.000', '125.50', '125.50', '0.00'),
(40, 1, '36015', '1.000', '150.00', '150.00', '0.00'),
(41, 1, '36012', '1.000', '125.50', '125.50', '0.00'),
(42, 1, '36016', '1.000', '50.00', '38.50', '11.50'),
(43, 1, '36016', '1.000', '50.00', '38.50', '11.50'),
(44, 1, '36015', '1.000', '150.00', '150.00', '0.00'),
(45, 1, '36016', '1.000', '50.00', '38.50', '11.50'),
(46, 1, '36013', '1.000', '55.00', '55.00', '0.00'),
(47, 1, '36016', '1.000', '50.00', '38.50', '11.50'),
(48, 1, '36017', '1.000', '380.00', '380.00', '0.00'),
(49, 1, '36012', '1.000', '125.50', '125.50', '0.00'),
(50, 1, '36015', '1.000', '150.00', '150.00', '0.00'),
(51, 1, '36016', '1.000', '50.00', '38.50', '11.50'),
(52, 1, '36015', '1.000', '150.00', '150.00', '0.00'),
(53, 1, '36016', '1.000', '50.00', '38.50', '11.50'),
(54, 1, '36016', '1.000', '50.00', '38.50', '11.50'),
(55, 1, '36013', '1.000', '55.00', '55.00', '0.00'),
(56, 1, '36017', '1.000', '380.00', '380.00', '0.00'),
(57, 1, '36017', '1.000', '380.00', '380.00', '0.00'),
(58, 1, '36017', '1.000', '380.00', '380.00', '0.00'),
(59, 1, '36016', '1.000', '50.00', '38.50', '11.50'),
(60, 1, '36008', '3.000', '25.00', '66.00', '9.00'),
(61, 1, '36015', '1.000', '150.00', '150.00', '0.00'),
(62, 1, '36013', '1.000', '55.00', '55.00', '0.00'),
(63, 1, '36017', '1.000', '380.00', '380.00', '0.00'),
(64, 1, '36013', '1.000', '55.00', '55.00', '0.00'),
(65, 1, '36017', '1.000', '380.00', '380.00', '0.00'),
(66, 1, '36018', '1.000', '135.00', '135.00', '0.00'),
(67, 1, '36017', '1.000', '380.00', '380.00', '0.00'),
(68, 1, '36013', '1.000', '55.00', '55.00', '0.00'),
(69, 1, '36013', '1.000', '55.00', '55.00', '0.00'),
(70, 1, '36014', '1.000', '10.00', '10.00', '0.00'),
(71, 1, '36016', '1.000', '50.00', '38.50', '11.50'),
(1, 2, '36015', '1.000', '150.00', '150.00', '0.00'),
(2, 2, '36015', '1.000', '150.00', '150.00', '0.00'),
(4, 2, '36010', '1.000', '185.00', '185.00', '0.00'),
(5, 2, '36012', '1.000', '125.50', '125.50', '0.00'),
(6, 2, '36010', '1.000', '185.00', '185.00', '0.00'),
(7, 2, '36012', '1.000', '125.50', '125.50', '0.00'),
(8, 2, '35995', '2.000', '80.00', '160.00', '0.00'),
(9, 2, '35995', '1.000', '80.00', '80.00', '0.00'),
(10, 2, '36014', '1.000', '10.00', '10.00', '0.00'),
(11, 2, '36007', '1.000', '55.00', '55.00', '0.00'),
(12, 2, '36009', '1.000', '12.00', '12.00', '0.00'),
(13, 2, '36012', '1.000', '125.50', '125.50', '0.00'),
(14, 2, '36009', '1.000', '12.00', '12.00', '0.00'),
(15, 2, '36015', '1.000', '150.00', '150.00', '0.00'),
(16, 2, '36013', '1.000', '55.00', '55.00', '0.00'),
(17, 2, '36011', '1.000', '1.50', '1.50', '0.00'),
(18, 2, '36015', '1.000', '150.00', '150.00', '0.00'),
(19, 2, '36010', '1.000', '185.00', '185.00', '0.00'),
(20, 2, '36015', '1.000', '150.00', '150.00', '0.00'),
(21, 2, '36008', '21.000', '25.00', '462.00', '63.00'),
(22, 2, '36016', '1.000', '50.00', '44.25', '11.50'),
(23, 2, '36014', '1.000', '10.00', '10.00', '0.00'),
(24, 2, '36015', '1.000', '150.00', '150.00', '0.00'),
(25, 2, '36013', '1.000', '55.00', '55.00', '0.00'),
(26, 2, '36011', '1.000', '1.50', '1.50', '0.00'),
(27, 2, '36015', '1.000', '150.00', '150.00', '0.00'),
(28, 2, '36014', '1.000', '10.00', '10.00', '0.00'),
(29, 2, '36012', '1.000', '125.50', '125.50', '0.00'),
(30, 2, '36014', '1.000', '10.00', '10.00', '0.00'),
(31, 2, '36015', '1.000', '150.00', '150.00', '0.00'),
(32, 2, '36014', '1.000', '10.00', '10.00', '0.00'),
(33, 2, '36012', '1.000', '125.50', '125.50', '0.00'),
(34, 2, '36013', '1.000', '55.00', '55.00', '0.00'),
(35, 2, '36015', '1.000', '150.00', '150.00', '0.00'),
(36, 2, '36013', '1.000', '55.00', '55.00', '0.00'),
(37, 2, '36015', '1.000', '150.00', '150.00', '0.00'),
(38, 2, '36011', '1.000', '1.50', '1.50', '0.00'),
(39, 2, '36014', '1.000', '10.00', '10.00', '0.00'),
(40, 2, '36014', '1.000', '10.00', '10.00', '0.00'),
(41, 2, '36015', '1.000', '150.00', '150.00', '0.00'),
(42, 2, '36015', '1.000', '150.00', '150.00', '0.00'),
(43, 2, '36011', '1.000', '1.50', '1.50', '0.00'),
(44, 2, '36014', '1.000', '10.00', '10.00', '0.00'),
(45, 2, '36014', '1.000', '10.00', '10.00', '0.00'),
(46, 2, '36015', '1.000', '150.00', '150.00', '0.00'),
(47, 2, '36015', '1.000', '150.00', '150.00', '0.00'),
(48, 2, '36014', '1.000', '10.00', '10.00', '0.00'),
(49, 2, '36013', '1.000', '55.00', '55.00', '0.00'),
(50, 2, '36013', '1.000', '55.00', '55.00', '0.00'),
(51, 2, '36014', '1.000', '10.00', '10.00', '0.00'),
(52, 2, '36016', '1.000', '50.00', '38.50', '11.50'),
(53, 2, '36015', '1.000', '150.00', '150.00', '0.00'),
(54, 2, '36015', '1.000', '150.00', '150.00', '0.00'),
(55, 2, '36011', '1.000', '1.50', '1.50', '0.00'),
(56, 2, '36015', '1.000', '150.00', '150.00', '0.00'),
(57, 2, '36016', '1.000', '50.00', '38.50', '11.50'),
(58, 2, '36015', '1.000', '150.00', '150.00', '0.00'),
(59, 2, '36014', '1.000', '10.00', '10.00', '0.00'),
(60, 2, '36007', '1.000', '55.00', '55.00', '0.00'),
(61, 2, '36013', '1.000', '55.00', '55.00', '0.00'),
(62, 2, '36016', '1.000', '50.00', '38.50', '11.50'),
(63, 2, '36016', '1.000', '50.00', '38.50', '11.50'),
(64, 2, '36010', '1.000', '185.00', '185.00', '0.00'),
(65, 2, '36013', '1.000', '55.00', '55.00', '0.00'),
(66, 2, '36018', '1.000', '135.00', '135.00', '0.00'),
(67, 2, '36016', '1.000', '50.00', '38.50', '11.50'),
(68, 2, '36012', '1.000', '125.50', '125.50', '0.00'),
(69, 2, '36015', '1.000', '150.00', '150.00', '0.00'),
(70, 2, '36008', '1.000', '25.00', '22.00', '3.00'),
(71, 2, '36015', '1.000', '150.00', '150.00', '0.00'),
(1, 3, '36012', '1.000', '125.50', '125.50', '0.00'),
(2, 3, '36009', '1.000', '12.00', '12.00', '0.00'),
(4, 3, '36007', '1.000', '55.00', '55.00', '0.00'),
(5, 3, '36016', '1.000', '50.00', '50.00', '0.00'),
(7, 3, '36009', '1.000', '12.00', '12.00', '0.00'),
(9, 3, '35997', '1.000', '450.00', '450.00', '0.00'),
(10, 3, '36013', '1.000', '55.00', '55.00', '0.00'),
(11, 3, '36011', '1.000', '1.50', '1.50', '0.00'),
(12, 3, '36006', '1.000', '285.00', '285.00', '0.00'),
(13, 3, '36008', '1.000', '25.00', '22.00', '12.00'),
(14, 3, '36011', '1.000', '1.50', '1.50', '0.00'),
(15, 3, '35991', '1.000', '280.00', '201.60', '28.00'),
(16, 3, '36015', '1.000', '150.00', '150.00', '0.00'),
(17, 3, '36014', '1.000', '10.00', '10.00', '0.00'),
(18, 3, '36008', '1.000', '25.00', '24.25', '3.00'),
(19, 3, '36013', '1.000', '55.00', '55.00', '0.00'),
(20, 3, '36013', '1.000', '55.00', '55.00', '0.00'),
(21, 3, '36006', '1.000', '285.00', '285.00', '0.00'),
(22, 3, '36015', '1.000', '150.00', '150.00', '0.00'),
(23, 3, '36011', '1.000', '1.50', '1.50', '0.00'),
(24, 3, '36011', '1.000', '1.50', '1.50', '0.00'),
(25, 3, '36011', '1.000', '1.50', '1.50', '0.00'),
(26, 3, '36016', '1.000', '50.00', '38.50', '11.50'),
(27, 3, '36011', '1.000', '1.50', '1.50', '0.00'),
(28, 3, '36011', '1.000', '1.50', '1.50', '0.00'),
(29, 3, '36016', '1.000', '50.00', '38.50', '11.50'),
(30, 3, '36012', '1.000', '125.50', '125.50', '0.00'),
(31, 3, '36013', '1.000', '55.00', '55.00', '0.00'),
(32, 3, '36012', '1.000', '125.50', '125.50', '0.00'),
(33, 3, '36015', '1.000', '150.00', '150.00', '0.00'),
(34, 3, '36010', '1.000', '185.00', '185.00', '0.00'),
(35, 3, '36013', '1.000', '55.00', '55.00', '0.00'),
(36, 3, '36012', '1.000', '125.50', '125.50', '0.00'),
(37, 3, '36012', '1.000', '125.50', '125.50', '0.00'),
(38, 3, '36009', '1.000', '12.00', '12.00', '0.00'),
(39, 3, '36015', '1.000', '150.00', '150.00', '0.00'),
(40, 3, '36016', '1.000', '50.00', '38.50', '11.50'),
(41, 3, '36011', '1.000', '1.50', '1.50', '0.00'),
(42, 3, '36013', '1.000', '55.00', '55.00', '0.00'),
(43, 3, '36006', '1.000', '285.00', '285.00', '0.00'),
(44, 3, '36012', '1.000', '125.50', '125.50', '0.00'),
(45, 3, '36012', '1.000', '125.50', '125.50', '0.00'),
(46, 3, '36016', '1.000', '50.00', '38.50', '11.50'),
(47, 3, '36014', '1.000', '10.00', '10.00', '0.00'),
(48, 3, '36013', '1.000', '55.00', '55.00', '0.00'),
(49, 3, '36014', '1.000', '10.00', '10.00', '0.00'),
(50, 3, '36008', '1.000', '25.00', '22.00', '3.00'),
(51, 3, '36012', '1.000', '125.50', '125.50', '0.00'),
(52, 3, '36014', '1.000', '10.00', '10.00', '0.00'),
(53, 3, '36012', '1.000', '125.50', '125.50', '0.00'),
(54, 3, '36013', '1.000', '55.00', '55.00', '0.00'),
(55, 3, '36015', '1.000', '150.00', '150.00', '0.00'),
(56, 3, '36013', '1.000', '55.00', '55.00', '0.00'),
(57, 3, '36015', '1.000', '150.00', '150.00', '0.00'),
(58, 3, '36014', '1.000', '10.00', '10.00', '0.00'),
(59, 3, '36010', '1.000', '185.00', '185.00', '0.00'),
(60, 3, '36006', '1.000', '285.00', '285.00', '0.00'),
(61, 3, '36011', '1.000', '1.50', '1.50', '0.00'),
(62, 3, '36015', '1.000', '150.00', '150.00', '0.00'),
(63, 3, '36013', '1.000', '55.00', '55.00', '0.00'),
(65, 3, '36009', '1.000', '12.00', '12.00', '0.00'),
(66, 3, '36015', '1.000', '150.00', '135.00', '15.00'),
(67, 3, '36015', '1.000', '150.00', '150.00', '0.00'),
(69, 3, '36010', '1.000', '185.00', '185.00', '0.00'),
(71, 3, '36013', '1.000', '55.00', '55.00', '0.00'),
(1, 4, '36013', '1.000', '55.00', '55.00', '0.00'),
(2, 4, '36012', '1.000', '125.50', '125.50', '0.00'),
(4, 4, '36010', '1.000', '185.00', '185.00', '0.00'),
(5, 4, '36010', '1.000', '185.00', '185.00', '0.00'),
(7, 4, '36011', '1.000', '1.50', '1.50', '0.00'),
(9, 4, '35994', '1.000', '85.00', '85.00', '0.00'),
(10, 4, '36010', '1.000', '185.00', '185.00', '0.00'),
(11, 4, '36015', '1.000', '150.00', '150.00', '0.00'),
(13, 4, '36006', '1.000', '285.00', '285.00', '0.00'),
(14, 4, '36014', '1.000', '10.00', '10.00', '0.00'),
(15, 4, '35990', '1.000', '200.00', '140.00', '30.00'),
(16, 4, '36011', '1.000', '1.50', '1.50', '0.00'),
(17, 4, '36016', '1.000', '50.00', '44.25', '11.50'),
(19, 4, '36015', '1.000', '150.00', '150.00', '0.00'),
(20, 4, '36011', '1.000', '1.50', '1.50', '0.00'),
(21, 4, '36010', '2.000', '185.00', '0.00', '0.00'),
(22, 4, '36012', '1.000', '125.50', '125.50', '0.00'),
(23, 4, '36008', '1.000', '25.00', '24.25', '3.00'),
(24, 4, '36013', '1.000', '55.00', '55.00', '0.00'),
(25, 4, '36009', '1.000', '12.00', '12.00', '0.00'),
(26, 4, '36014', '1.000', '10.00', '10.00', '0.00'),
(27, 4, '36013', '1.000', '55.00', '55.00', '0.00'),
(28, 4, '36007', '1.000', '55.00', '55.00', '0.00'),
(29, 4, '36008', '1.000', '25.00', '22.00', '3.00'),
(31, 4, '36011', '1.000', '1.50', '1.50', '0.00'),
(32, 4, '36009', '1.000', '12.00', '12.00', '0.00'),
(33, 4, '36010', '1.000', '185.00', '185.00', '0.00'),
(34, 4, '36014', '1.000', '10.00', '10.00', '0.00'),
(35, 4, '36011', '1.000', '1.50', '1.50', '0.00'),
(36, 4, '36014', '1.000', '10.00', '10.00', '0.00'),
(37, 4, '36014', '1.000', '10.00', '10.00', '0.00'),
(38, 4, '36013', '1.000', '55.00', '55.00', '0.00'),
(40, 4, '36013', '1.000', '55.00', '55.00', '0.00'),
(41, 4, '36013', '1.000', '55.00', '55.00', '0.00'),
(42, 4, '36010', '1.000', '185.00', '185.00', '0.00'),
(44, 4, '36013', '1.000', '55.00', '55.00', '0.00'),
(45, 4, '36015', '1.000', '150.00', '150.00', '0.00'),
(48, 4, '36011', '1.000', '1.50', '1.50', '0.00'),
(49, 4, '36016', '1.000', '50.00', '38.50', '11.50'),
(50, 4, '36011', '1.000', '1.50', '1.50', '0.00'),
(51, 4, '36013', '1.000', '55.00', '55.00', '0.00'),
(52, 4, '36011', '1.000', '1.50', '1.50', '0.00'),
(53, 4, '36014', '1.000', '10.00', '10.00', '0.00'),
(54, 4, '36011', '1.000', '1.50', '1.50', '0.00'),
(55, 4, '36013', '1.000', '55.00', '55.00', '0.00'),
(56, 4, '36010', '1.000', '185.00', '185.00', '0.00'),
(57, 4, '36013', '1.000', '55.00', '55.00', '0.00'),
(58, 4, '36012', '1.000', '125.50', '125.50', '0.00'),
(59, 4, '36012', '1.000', '125.50', '125.50', '0.00'),
(61, 4, '36008', '1.000', '25.00', '22.00', '3.00'),
(62, 4, '36011', '1.000', '1.50', '1.50', '0.00'),
(63, 4, '36011', '1.000', '1.50', '1.50', '0.00'),
(65, 4, '36012', '1.000', '125.50', '125.50', '0.00'),
(66, 4, '36016', '1.000', '50.00', '38.50', '11.50'),
(67, 4, '36014', '1.000', '10.00', '10.00', '0.00'),
(69, 4, '36007', '1.000', '55.00', '55.00', '0.00'),
(71, 4, '36012', '1.000', '125.50', '125.50', '0.00'),
(1, 5, '36010', '1.000', '185.00', '185.00', '0.00'),
(4, 5, '36013', '1.000', '55.00', '55.00', '0.00'),
(5, 5, '36006', '1.000', '285.00', '285.00', '0.00'),
(7, 5, '36014', '1.000', '10.00', '10.00', '0.00'),
(9, 5, '35991', '1.000', '280.00', '280.00', '0.00'),
(10, 5, '36008', '1.000', '25.00', '22.00', '12.00'),
(11, 5, '36009', '1.000', '12.00', '12.00', '0.00'),
(14, 5, '36009', '1.000', '12.00', '12.00', '0.00'),
(16, 5, '36009', '1.000', '12.00', '12.00', '0.00'),
(17, 5, '36013', '1.000', '55.00', '55.00', '0.00'),
(19, 5, '36012', '1.000', '125.50', '125.50', '0.00'),
(20, 5, '36010', '1.000', '185.00', '185.00', '0.00'),
(21, 5, '36016', '1.000', '50.00', '44.25', '11.50'),
(22, 5, '36014', '1.000', '10.00', '10.00', '0.00'),
(23, 5, '36006', '1.000', '285.00', '285.00', '0.00'),
(24, 5, '36014', '1.000', '10.00', '10.00', '0.00'),
(25, 5, '36013', '1.000', '55.00', '55.00', '0.00'),
(26, 5, '36009', '1.000', '12.00', '12.00', '0.00'),
(27, 5, '36015', '1.000', '150.00', '150.00', '0.00'),
(28, 5, '36011', '1.000', '1.50', '1.50', '0.00'),
(31, 5, '36009', '1.000', '12.00', '12.00', '0.00'),
(32, 5, '36006', '1.000', '285.00', '285.00', '0.00'),
(34, 5, '36016', '1.000', '50.00', '38.50', '11.50'),
(35, 5, '36013', '1.000', '55.00', '55.00', '0.00'),
(37, 5, '36010', '1.000', '185.00', '185.00', '0.00'),
(38, 5, '36015', '1.000', '150.00', '150.00', '0.00'),
(40, 5, '36009', '1.000', '12.00', '12.00', '0.00'),
(41, 5, '36010', '1.000', '185.00', '185.00', '0.00'),
(42, 5, '36013', '1.000', '55.00', '55.00', '0.00'),
(44, 5, '36011', '1.000', '1.50', '1.50', '0.00'),
(45, 5, '36017', '1.000', '380.00', '380.00', '0.00'),
(48, 5, '36013', '1.000', '55.00', '55.00', '0.00'),
(50, 5, '36009', '1.000', '12.00', '12.00', '0.00'),
(51, 5, '36014', '1.000', '10.00', '10.00', '0.00'),
(52, 5, '36009', '1.000', '12.00', '12.00', '0.00'),
(54, 5, '36013', '1.000', '55.00', '55.00', '0.00'),
(55, 5, '36016', '1.000', '50.00', '38.50', '11.50'),
(56, 5, '36016', '1.000', '50.00', '38.50', '11.50'),
(57, 5, '36010', '1.000', '185.00', '185.00', '0.00'),
(59, 5, '36015', '1.000', '150.00', '150.00', '0.00'),
(61, 5, '36014', '1.000', '10.00', '10.00', '0.00'),
(63, 5, '36010', '1.000', '185.00', '185.00', '0.00'),
(67, 5, '36012', '1.000', '125.50', '125.50', '0.00'),
(69, 5, '36016', '1.000', '50.00', '38.50', '11.50'),
(71, 5, '36014', '1.000', '10.00', '10.00', '0.00'),
(4, 6, '36014', '1.000', '10.00', '10.00', '0.00'),
(7, 6, '36015', '1.000', '150.00', '150.00', '0.00'),
(9, 6, '35993', '1.000', '25.00', '25.00', '0.00'),
(10, 6, '36011', '1.000', '1.50', '1.50', '0.00'),
(11, 6, '36004', '1.000', '100.00', '100.00', '0.00'),
(14, 6, '36010', '1.000', '185.00', '185.00', '0.00'),
(16, 6, '36008', '1.000', '25.00', '24.25', '3.00'),
(17, 6, '36009', '1.000', '12.00', '12.00', '0.00'),
(19, 6, '36010', '1.000', '185.00', '185.00', '0.00'),
(22, 6, '36011', '1.000', '1.50', '1.50', '0.00'),
(23, 6, '36010', '1.000', '185.00', '185.00', '0.00'),
(24, 6, '36016', '1.000', '50.00', '44.25', '11.50'),
(26, 6, '36007', '1.000', '55.00', '55.00', '0.00'),
(27, 6, '36010', '1.000', '185.00', '185.00', '0.00'),
(28, 6, '36017', '1.000', '380.00', '380.00', '0.00'),
(31, 6, '36007', '1.000', '55.00', '55.00', '0.00'),
(32, 6, '36014', '1.000', '10.00', '10.00', '0.00'),
(34, 6, '36011', '1.000', '1.50', '1.50', '0.00'),
(35, 6, '36015', '1.000', '150.00', '150.00', '0.00'),
(38, 6, '36010', '1.000', '185.00', '185.00', '0.00'),
(40, 6, '36012', '1.000', '125.50', '125.50', '0.00'),
(41, 6, '36016', '1.000', '50.00', '38.50', '11.50'),
(44, 6, '36011', '1.000', '1.50', '1.50', '0.00'),
(45, 6, '36012', '1.000', '125.50', '125.50', '0.00'),
(48, 6, '36008', '1.000', '25.00', '22.00', '3.00'),
(50, 6, '36006', '1.000', '285.00', '285.00', '0.00'),
(55, 6, '36014', '1.000', '10.00', '10.00', '0.00'),
(57, 6, '36011', '1.000', '1.50', '1.50', '0.00'),
(59, 6, '36013', '1.000', '55.00', '55.00', '0.00'),
(61, 6, '36016', '1.000', '50.00', '38.50', '11.50'),
(71, 6, '36008', '1.000', '25.00', '22.00', '3.00'),
(7, 7, '36009', '1.000', '12.00', '12.00', '0.00'),
(9, 7, '35992', '1.000', '25.00', '25.00', '0.00'),
(10, 7, '36014', '1.000', '10.00', '10.00', '0.00'),
(11, 7, '36010', '1.000', '185.00', '185.00', '0.00'),
(16, 7, '36007', '1.000', '55.00', '55.00', '0.00'),
(17, 7, '36011', '1.000', '1.50', '1.50', '0.00'),
(26, 7, '36008', '1.000', '25.00', '22.00', '3.00'),
(28, 7, '36013', '1.000', '55.00', '55.00', '0.00'),
(31, 7, '36009', '1.000', '12.00', '12.00', '0.00'),
(32, 7, '36017', '1.000', '380.00', '380.00', '0.00'),
(40, 7, '36015', '1.000', '150.00', '150.00', '0.00'),
(45, 7, '36009', '1.000', '12.00', '12.00', '0.00'),
(59, 7, '36014', '1.000', '10.00', '10.00', '0.00'),
(61, 7, '36014', '1.000', '10.00', '10.00', '0.00'),
(7, 8, '36006', '1.000', '285.00', '285.00', '0.00'),
(10, 8, '36009', '1.000', '12.00', '12.00', '0.00'),
(11, 8, '36013', '1.000', '55.00', '55.00', '0.00'),
(16, 8, '36008', '1.000', '25.00', '24.25', '3.00'),
(17, 8, '36014', '1.000', '10.00', '10.00', '0.00'),
(28, 8, '36009', '1.000', '12.00', '12.00', '0.00'),
(31, 8, '36012', '1.000', '125.50', '125.50', '0.00'),
(32, 8, '36010', '1.000', '185.00', '185.00', '0.00'),
(45, 8, '36012', '1.000', '125.50', '125.50', '0.00'),
(59, 8, '36016', '1.000', '50.00', '38.50', '11.50'),
(10, 9, '36010', '1.000', '185.00', '185.00', '0.00'),
(11, 9, '36009', '1.000', '12.00', '12.00', '0.00'),
(17, 9, '36016', '1.000', '50.00', '44.25', '11.50'),
(28, 9, '36012', '1.000', '125.50', '125.50', '0.00'),
(31, 9, '36015', '1.000', '150.00', '150.00', '0.00'),
(45, 9, '36015', '1.000', '150.00', '150.00', '0.00'),
(59, 9, '36014', '1.000', '10.00', '10.00', '0.00'),
(28, 10, '36016', '1.000', '50.00', '38.50', '11.50'),
(59, 10, '36011', '1.000', '1.50', '1.50', '0.00'),
(59, 11, '36013', '1.000', '55.00', '55.00', '0.00');

-- --------------------------------------------------------

--
-- Table structure for table `supplier`
--

DROP TABLE IF EXISTS `supplier`;
CREATE TABLE IF NOT EXISTS `supplier` (
  `id` int NOT NULL,
  `companyname` varchar(30) NOT NULL,
  `lastdatesupplied` date NOT NULL,
  `address` varchar(50) NOT NULL,
  `contact` varchar(20) NOT NULL,
  PRIMARY KEY (`id`)
) ENGINE=InnoDB DEFAULT CHARSET=utf8;

--
-- Dumping data for table `supplier`
--

INSERT INTO `supplier` (`id`, `companyname`, `lastdatesupplied`, `address`, `contact`) VALUES
(10001, 'Unilever PVT LTD', '2021-08-01', 'Kandy Road, Kurunegala', '0372256856'),
(10002, 'Maliban PVT LTD', '2021-09-14', 'Puttalam Road, Kurunegala', '0372256856'),
(11003, 'Milco PVT LTD', '2021-09-13', 'Hiripitiya Road, Kurunegala', '0372256856'),
(11004, 'Richard Trading', '2021-09-21', 'Parakumba Street, Kurunegala', '0372256856'),
(11005, 'Silva Distributor', '2021-09-11', 'Negambo Road, Kurunegala', '0372256856'),
(11006, 'Munchee PVT LTD', '2021-10-18', 'Kurunegala Road, Kandy', '0372256856'),
(11007, 'Karunarathne Brothers', '2021-09-01', 'Chilaw Road, Wariyapola', '0372256856'),
(11008, 'Negambo Traders', '2021-07-05', 'Colombo Road, Negambo', '0372256856'),
(11009, 'Kumari Products', '2021-09-02', 'Hiripitiya, Nikadalupotha', '0712007856');

--
-- Constraints for dumped tables
--

--
-- Constraints for table `bill`
--
ALTER TABLE `bill`
  ADD CONSTRAINT `Forign_bill_cashier` FOREIGN KEY (`cashierid`) REFERENCES `cashier` (`id`) ON DELETE CASCADE ON UPDATE CASCADE;

--
-- Constraints for table `credit`
--
ALTER TABLE `credit`
  ADD CONSTRAINT `Forign_credit_bill` FOREIGN KEY (`billid`) REFERENCES `bill` (`id`) ON DELETE CASCADE ON UPDATE CASCADE,
  ADD CONSTRAINT `Forign_credit_customer` FOREIGN KEY (`customerid`) REFERENCES `customer` (`id`) ON DELETE CASCADE ON UPDATE CASCADE;

--
-- Constraints for table `discount`
--
ALTER TABLE `discount`
  ADD CONSTRAINT `Forign_discount_barcode` FOREIGN KEY (`productbarcode`) REFERENCES `productitems` (`barcode`) ON DELETE CASCADE ON UPDATE CASCADE;

--
-- Constraints for table `productitems`
--
ALTER TABLE `productitems`
  ADD CONSTRAINT `forign_product_supplier` FOREIGN KEY (`supplierid`) REFERENCES `supplier` (`id`) ON DELETE CASCADE ON UPDATE CASCADE,
  ADD CONSTRAINT `Forign_producutitem_category` FOREIGN KEY (`categoryid`) REFERENCES `productcategory` (`id`) ON DELETE CASCADE ON UPDATE CASCADE;

--
-- Constraints for table `purchase`
--
ALTER TABLE `purchase`
  ADD CONSTRAINT `forign_purchase_barcode` FOREIGN KEY (`barcode`) REFERENCES `productitems` (`barcode`) ON DELETE CASCADE ON UPDATE CASCADE,
  ADD CONSTRAINT `Forign_purchase_bill` FOREIGN KEY (`billid`) REFERENCES `bill` (`id`) ON DELETE CASCADE ON UPDATE CASCADE;
COMMIT;

/*!40101 SET CHARACTER_SET_CLIENT=@OLD_CHARACTER_SET_CLIENT */;
/*!40101 SET CHARACTER_SET_RESULTS=@OLD_CHARACTER_SET_RESULTS */;
/*!40101 SET COLLATION_CONNECTION=@OLD_COLLATION_CONNECTION */;
